"DATASET","SERIES_CODE","OBS_MEASURE","COUNTRY","INDICATOR","TYPE_OF_TRANSFORMATION","FREQUENCY","SCALE","DECIMALS_DISPLAYED","NA_STO","SECTOR","ACCOUNTS","INDEX_TYPE","PRICES","S_ADJUSTMENT","TRANSFORMATION","UNIT","IFS_FLAG","DOI","FULL_DESCRIPTION","AUTHOR","PUBLISHER","DEPARTMENT","CONTACT_POINT","TOPIC","TOPIC_DATASET","KEYWORDS","KEYWORDS_DATASET","LANGUAGE","PUBLICATION_DATE","UPDATE_DATE","METHODOLOGY","METHODOLOGY_NOTES","ACCESS_SHARING_LEVEL","SECURITY_CLASSIFICATION","SHORT_SOURCE_CITATION","FULL_SOURCE_CITATION","LICENSE","SUGGESTED_CITATION","KEY_INDICATOR","SERIES_NAME","2012-Q1","2012-Q2","2012-Q3","2012-Q4","2013-Q1","2013-Q2","2013-Q3","2013-Q4","2014-Q1","2014-Q2","2014-Q3","2014-Q4","2015-Q1","2015-Q2","2015-Q3","2015-Q4","2016-Q1","2016-Q2","2016-Q3","2016-Q4","2017-Q1","2017-Q2","2017-Q3","2017-Q4","2018-Q1","2018-Q2","2018-Q3","2018-Q4","2019-Q1","2019-Q2","2019-Q3","2019-Q4","2020-Q1","2020-Q2","2020-Q3","2020-Q4","2021-Q1","2021-Q2","2021-Q3","2021-Q4","2022-Q1","2022-Q2","2022-Q3","2022-Q4","2023-Q1","2023-Q2","2023-Q3","2023-Q4","2024-Q1","2024-Q2","2024-Q3","2024-Q4","2025-Q1","2025-Q2","2025-Q3"
"IMF.STA:QGDP_WCA(4.0.0)","U150.B1GQ_S1_V.SA_PU.Q","OBS_VALUE","Europe","Gross domestic product (GDP), Total economy, Current prices","Seasonally adjusted (SA), Purchasing power parity (PPP) international dollar","Quarterly","Billions","","Gross domestic product (GDP)","Total economy","GDP by expenditure approach","","Current prices","Seasonally adjusted (SA)","Purchasing power parity (PPP) international dollar","","","","","","International Monetary Fund (IMF)","Statistics Department (STA)","datahelp@imf.org","","National accounts; Gross domestic product (GDP); International Financial Statistics (IFS)","","","English","2025-12-17T14:00:00Z","2025-12-17T14:00:00Z","","","Public (Unrestricted)","Public or Unrestricted","","","","","","","5980","5990","6020","6030","6060","6120","6170","6210","6280","6320","6380","6400","6440","6470","6520","6560","6590","6630","6700","6760","6850","6930","7000","7120","7190","7300","7410","7560","7750","7900","8030","8130","7960","7270","7990","8130","8350","8720","9000","9200","9400","9580","9750","9880","10000","10100","10100","10200","10400","10500","10600","10700","10900","10900","11100"
"IMF.STA:QGDP_WCA(4.0.0)","G200.B1GQ_S1_Q.SA_PU.Q","OBS_VALUE","Emerging Market and Developing Economies","Gross domestic product (GDP), Total economy, Constant prices","Seasonally adjusted (SA), Purchasing power parity (PPP) international dollar","Quarterly","Billions","","Gross domestic product (GDP)","Total economy","GDP by expenditure approach","","Constant prices","Seasonally adjusted (SA)","Purchasing power parity (PPP) international dollar","","","","","","International Monetary Fund (IMF)","Statistics Department (STA)","datahelp@imf.org","","National accounts; Gross domestic product (GDP); International Financial Statistics (IFS)","","","English","2025-12-17T14:00:00Z","2025-12-17T14:00:00Z","","","Public (Unrestricted)","Public or Unrestricted","","","","","","","13600","13700","13900","14000","14200","14400","14600","14700","14900","15100","15200","15400","15600","15700","15900","16000","16200","16400","16600","16800","16900","17200","17400","17600","17900","18000","18200","18300","18400","18700","18900","19100","19100","16600","18700","19300","19500","19300","19900","20200","20300","20500","20700","20800","21100","21400","21700","21900","22100","22300","22600","22800","23100","23300","23600"
"IMF.STA:QGDP_WCA(4.0.0)","U002.B1GQ_S1_Q.SA_PU.Q","OBS_VALUE","Africa","Gross domestic product (GDP), Total economy, Constant prices","Seasonally adjusted (SA), Purchasing power parity (PPP) international dollar","Quarterly","Billions","","Gross domestic product (GDP)","Total economy","GDP by expenditure approach","","Constant prices","Seasonally adjusted (SA)","Purchasing power parity (PPP) international dollar","","","","","","International Monetary Fund (IMF)","Statistics Department (STA)","datahelp@imf.org","","National accounts; Gross domestic product (GDP); International Financial Statistics (IFS)","","","English","2025-12-17T14:00:00Z","2025-12-17T14:00:00Z","","","Public (Unrestricted)","Public or Unrestricted","","","","","","","1400","1410","1420","1430","1440","1460","1480","1490","1500","1520","1540","1560","1580","1570","1580","1590","1600","1610","1620","1630","1650","1660","1680","1690","1710","1710","1740","1750","1740","1770","1790","1810","1830","1550","1760","1800","1790","1820","1790","1820","1870","1870","1910","1900","1920","1950","1960","1980","2000","2020","2020","2030","2030","2050","2060"
"IMF.STA:QGDP_WCA(4.0.0)","G001.B1GQ_S1_V.SA_PU.Q","OBS_VALUE","World","Gross domestic product (GDP), Total economy, Current prices","Seasonally adjusted (SA), Purchasing power parity (PPP) international dollar","Quarterly","Billions","","Gross domestic product (GDP)","Total economy","GDP by expenditure approach","","Current prices","Seasonally adjusted (SA)","Purchasing power parity (PPP) international dollar","","","","","","International Monetary Fund (IMF)","Statistics Department (STA)","datahelp@imf.org","","National accounts; Gross domestic product (GDP); International Financial Statistics (IFS)","","","English","2025-12-17T14:00:00Z","2025-12-17T14:00:00Z","","","Public (Unrestricted)","Public or Unrestricted","","","","","","","24200","24500","24700","24900","25300","25600","26000","26400","26700","27000","27400","27600","27900","28300","28500","28700","29000","29400","29600","30100","30500","30900","31400","31900","32500","32900","33400","33800","34200","34900","35400","36000","35900","32000","35600","36900","37900","38400","39700","41100","42100","43400","44100","44800","45600","46300","47200","47800","48600","49200","49700","50400","51200","52000","52700"
"IMF.STA:QGDP_WCA(4.0.0)","U019.B1GQ_S1_Q.SA_PU.Q","OBS_VALUE","Americas","Gross domestic product (GDP), Total economy, Constant prices","Seasonally adjusted (SA), Purchasing power parity (PPP) international dollar","Quarterly","Billions","","Gross domestic product (GDP)","Total economy","GDP by expenditure approach","","Constant prices","Seasonally adjusted (SA)","Purchasing power parity (PPP) international dollar","","","","","","International Monetary Fund (IMF)","Statistics Department (STA)","datahelp@imf.org","","National accounts; Gross domestic product (GDP); International Financial Statistics (IFS)","","","English","2025-12-17T14:00:00Z","2025-12-17T14:00:00Z","","","Public (Unrestricted)","Public or Unrestricted","","","","","","","6890","6920","6950","6970","7030","7070","7120","7180","7160","7230","7290","7330","7370","7400","7410","7410","7430","7440","7490","7520","7560","7600","7640","7720","7780","7800","7840","7840","7880","7930","7990","8020","7860","7170","7740","7870","7990","8130","8180","8330","8340","8390","8440","8490","8560","8590","8680","8730","8750","8830","8920","8950","8950","9000","9070"
"IMF.STA:QGDP_WCA(4.0.0)","G110.B1GQ_S1_V.SA_PU.Q","OBS_VALUE","Advanced Economies","Gross domestic product (GDP), Total economy, Current prices","Seasonally adjusted (SA), Purchasing power parity (PPP) international dollar","Quarterly","Billions","","Gross domestic product (GDP)","Total economy","GDP by expenditure approach","","Current prices","Seasonally adjusted (SA)","Purchasing power parity (PPP) international dollar","","","","","","International Monetary Fund (IMF)","Statistics Department (STA)","datahelp@imf.org","","National accounts; Gross domestic product (GDP); International Financial Statistics (IFS)","","","English","2025-12-17T14:00:00Z","2025-12-17T14:00:00Z","","","Public (Unrestricted)","Public or Unrestricted","","","","","","","11300","11300","11300","11400","11500","11600","11800","11900","12000","12100","12200","12300","12400","12500","12600","12600","12700","12800","13000","13100","13200","13400","13500","13700","13800","14000","14100","14300","14500","14700","14900","15000","14800","13800","14800","15000","15300","16000","16400","16900","17300","17700","18000","18300","18500","18700","18800","19000","19200","19500","19700","19900","20000","20200","20400"
"IMF.STA:QGDP_WCA(4.0.0)","G120.B1GQ_S1_V.SA_PU.Q","OBS_VALUE","G20","Gross domestic product (GDP), Total economy, Current prices","Seasonally adjusted (SA), Purchasing power parity (PPP) international dollar","Quarterly","Billions","","Gross domestic product (GDP)","Total economy","GDP by expenditure approach","","Current prices","Seasonally adjusted (SA)","Purchasing power parity (PPP) international dollar","","","","","","International Monetary Fund (IMF)","Statistics Department (STA)","datahelp@imf.org","","National accounts; Gross domestic product (GDP); International Financial Statistics (IFS)","","","English","2025-12-17T14:00:00Z","2025-12-17T14:00:00Z","","","Public (Unrestricted)","Public or Unrestricted","","","","","","","17400","17600","17800","17900","18200","18500","18700","19000","19200","19500","19800","19900","20200","20400","20600","20700","21000","21200","21400","21800","22100","22300","22700","23100","23500","23900","24200","24500","24800","25300","25600","26000","26000","23100","25800","26800","27600","27900","28900","30000","30600","31600","32000","32500","33200","33800","34500","35000","35500","35900","36300","36800","37300","38000","38500"
"IMF.STA:QGDP_WCA(4.0.0)","G200.B1GQ_S1_V.SA_PU.Q","OBS_VALUE","Emerging Market and Developing Economies","Gross domestic product (GDP), Total economy, Current prices","Seasonally adjusted (SA), Purchasing power parity (PPP) international dollar","Quarterly","Billions","","Gross domestic product (GDP)","Total economy","GDP by expenditure approach","","Current prices","Seasonally adjusted (SA)","Purchasing power parity (PPP) international dollar","","","","","","International Monetary Fund (IMF)","Statistics Department (STA)","datahelp@imf.org","","National accounts; Gross domestic product (GDP); International Financial Statistics (IFS)","","","English","2025-12-17T14:00:00Z","2025-12-17T14:00:00Z","","","Public (Unrestricted)","Public or Unrestricted","","","","","","","12900","13200","13400","13600","13800","14000","14300","14500","14800","14900","15200","15300","15500","15700","15900","16100","16200","16500","16700","17000","17300","17500","17800","18200","18600","18900","19300","19500","19700","20200","20500","21000","21100","18200","20700","21900","22600","22400","23300","24300","24800","25700","26100","26500","27100","27600","28300","28800","29400","29700","30000","30500","31100","31800","32300"
"IMF.STA:QGDP_WCA(4.0.0)","U009.B1GQ_S1_Q.SA_PU.Q","OBS_VALUE","Oceania","Gross domestic product (GDP), Total economy, Constant prices","Seasonally adjusted (SA), Purchasing power parity (PPP) international dollar","Quarterly","Billions","","Gross domestic product (GDP)","Total economy","GDP by expenditure approach","","Constant prices","Seasonally adjusted (SA)","Purchasing power parity (PPP) international dollar","","","","","","International Monetary Fund (IMF)","Statistics Department (STA)","datahelp@imf.org","","National accounts; Gross domestic product (GDP); International Financial Statistics (IFS)","","","English","2025-12-17T14:00:00Z","2025-12-17T14:00:00Z","","","Public (Unrestricted)","Public or Unrestricted","","","","","","","310","312","314","315","317","318","321","324","326","329","331","332","335","336","340","342","345","348","348","352","354","356","359","361","364","367","368","370","373","374","376","379","376","352","367","377","385","390","381","394","398","402","405","408","410","411","413","413","414","415","415","417","419","420","421"
"IMF.STA:QGDP_WCA(4.0.0)","G119.B1GQ_S1_V.SA_PU.Q","OBS_VALUE","G7","Gross domestic product (GDP), Total economy, Current prices","Seasonally adjusted (SA), Purchasing power parity (PPP) international dollar","Quarterly","Billions","","Gross domestic product (GDP)","Total economy","GDP by expenditure approach","","Current prices","Seasonally adjusted (SA)","Purchasing power parity (PPP) international dollar","","","","","","International Monetary Fund (IMF)","Statistics Department (STA)","datahelp@imf.org","","National accounts; Gross domestic product (GDP); International Financial Statistics (IFS)","","","English","2025-12-17T14:00:00Z","2025-12-17T14:00:00Z","","","Public (Unrestricted)","Public or Unrestricted","","","","","","","8350","8370","8420","8460","8550","8620","8720","8800","8850","8960","9070","9120","9190","9270","9320","9340","9410","9470","9550","9640","9750","9840","9960","10100","10200","10300","10400","10500","10600","10800","10900","11000","10900","9930","10800","11000","11200","11600","11900","12200","12500","12800","13000","13200","13400","13500","13700","13800","13900","14100","14300","14400","14500","14700","14900"
"IMF.STA:QGDP_WCA(4.0.0)","U002.B1GQ_S1_V.SA_PU.Q","OBS_VALUE","Africa","Gross domestic product (GDP), Total economy, Current prices","Seasonally adjusted (SA), Purchasing power parity (PPP) international dollar","Quarterly","Billions","","Gross domestic product (GDP)","Total economy","GDP by expenditure approach","","Current prices","Seasonally adjusted (SA)","Purchasing power parity (PPP) international dollar","","","","","","International Monetary Fund (IMF)","Statistics Department (STA)","datahelp@imf.org","","National accounts; Gross domestic product (GDP); International Financial Statistics (IFS)","","","English","2025-12-17T14:00:00Z","2025-12-17T14:00:00Z","","","Public (Unrestricted)","Public or Unrestricted","","","","","","","1340","1360","1370","1380","1410","1420","1440","1470","1490","1500","1530","1540","1570","1580","1580","1590","1610","1630","1630","1630","1670","1690","1730","1750","1760","1790","1830","1850","1850","1910","1960","2000","2060","1750","2010","2100","2100","2160","2140","2190","2290","2390","2460","2460","2520","2550","2580","2630","2670","2710","2730","2770","2760","2790","2850"
"IMF.STA:QGDP_WCA(4.0.0)","G001.B1GQ_S1_Q.SA_PU.Q","OBS_VALUE","World","Gross domestic product (GDP), Total economy, Constant prices","Seasonally adjusted (SA), Purchasing power parity (PPP) international dollar","Quarterly","Billions","","Gross domestic product (GDP)","Total economy","GDP by expenditure approach","","Constant prices","Seasonally adjusted (SA)","Purchasing power parity (PPP) international dollar","","","","","","International Monetary Fund (IMF)","Statistics Department (STA)","datahelp@imf.org","","National accounts; Gross domestic product (GDP); International Financial Statistics (IFS)","","","English","2025-12-17T14:00:00Z","2025-12-17T14:00:00Z","","","Public (Unrestricted)","Public or Unrestricted","","","","","","","25400","25500","25700","25800","26100","26300","26600","26900","27100","27300","27500","27800","28000","28300","28500","28700","28900","29100","29400","29700","29900","30200","30500","30900","31200","31400","31600","31800","32000","32300","32600","32800","32500","29000","32000","32700","33100","33200","33900","34400","34500","34800","35100","35300","35600","36000","36300","36600","36900","37200","37500","37800","38000","38300","38600"
"IMF.STA:QGDP_WCA(4.0.0)","G001.B1GQ_S1.IX.Q","OBS_VALUE","World","Gross domestic product (GDP), Total economy","Index","Quarterly","Units","","Gross domestic product (GDP)","Total economy","GDP by expenditure approach","Price deflator","","Seasonally adjusted (SA)","","Index","","","","","International Monetary Fund (IMF)","Statistics Department (STA)","datahelp@imf.org","","National accounts; Gross domestic product (GDP); International Financial Statistics (IFS)","","","English","2025-12-17T14:00:00Z","2025-12-17T14:00:00Z","","","Public (Unrestricted)","Public or Unrestricted","","","","","","","95.26607275","95.82863788","96.26530344","96.67106757","97.03534203","97.29817619","97.71390842","98.19887479","98.71634265","99.11463313","99.46729496","99.44687556","99.59988129","99.98203175","100.2316055","100.1792569","100.2554726","100.7520112","100.9136119","101.4697966","102.0994334","102.1605931","102.7441344","103.3191637","104.0727971","104.8238892","105.7711627","106.5442473","106.9769273","108.0675783","108.735554","109.6918716","110.3693617","110.3739593","111.1253179","112.61285","114.4553384","115.4379896","117.2028592","119.6575862","122.0244095","124.7737219","125.7419975","126.9240491","128.1412616","128.6610059","129.9707714","130.7587108","131.7616827","132.2958309","132.6186364","133.4581521","134.5826387","135.7807807","136.4708655"
"IMF.STA:QGDP_WCA(4.0.0)","G110.B1GQ_S1.IX.Q","OBS_VALUE","Advanced Economies","Gross domestic product (GDP), Total economy","Index","Quarterly","Units","","Gross domestic product (GDP)","Total economy","GDP by expenditure approach","Price deflator","","Seasonally adjusted (SA)","","Index","","","","","International Monetary Fund (IMF)","Statistics Department (STA)","datahelp@imf.org","","National accounts; Gross domestic product (GDP); International Financial Statistics (IFS)","","","English","2025-12-17T14:00:00Z","2025-12-17T14:00:00Z","","","Public (Unrestricted)","Public or Unrestricted","","","","","","","95.60286293","95.60709464","95.97166157","96.34859069","96.92915434","97.21107548","97.67761524","98.03251543","98.50195414","99.10831767","99.35585514","99.554674","99.69447793","99.98828133","100.1357307","100.1786327","100.400309","100.6991804","101.0967768","101.5188495","101.9809666","102.4586919","102.9328396","103.4846589","103.9523171","104.5895282","105.2771093","105.9825647","107.0681908","107.8287203","108.6241055","109.3455053","110.0291271","111.5029157","111.24486","111.9270386","113.0951954","114.8180859","116.8844716","118.6550916","121.4558628","123.4638866","124.9844984","126.439457","127.5607712","128.3400483","128.9058436","129.5370217","130.2604055","131.3226131","132.0954721","133.2232905","133.9680403","134.6085131","135.3416586"
"IMF.STA:QGDP_WCA(4.0.0)","U142.B1GQ_S1_V.SA_PU.Q","OBS_VALUE","Asia","Gross domestic product (GDP), Total economy, Current prices","Seasonally adjusted (SA), Purchasing power parity (PPP) international dollar","Quarterly","Billions","","Gross domestic product (GDP)","Total economy","GDP by expenditure approach","","Current prices","Seasonally adjusted (SA)","Purchasing power parity (PPP) international dollar","","","","","","International Monetary Fund (IMF)","Statistics Department (STA)","datahelp@imf.org","","National accounts; Gross domestic product (GDP); International Financial Statistics (IFS)","","","English","2025-12-17T14:00:00Z","2025-12-17T14:00:00Z","","","Public (Unrestricted)","Public or Unrestricted","","","","","","","10000","10200","10300","10500","10700","10900","11100","11300","11600","11700","11900","12000","12300","12500","12600","12800","13000","13300","13400","13700","13900","14100","14400","14700","15000","15300","15500","15700","15900","16200","16500","16800","16900","14800","16700","17500","18000","17700","18600","19500","20000","20600","20900","21200","21800","22200","22800","23200","23600","23900","24200","24600","25100","25700","26000"
"IMF.STA:QGDP_WCA(4.0.0)","U150.B1GQ_S1_Q.SA_PU.Q","OBS_VALUE","Europe","Gross domestic product (GDP), Total economy, Constant prices","Seasonally adjusted (SA), Purchasing power parity (PPP) international dollar","Quarterly","Billions","","Gross domestic product (GDP)","Total economy","GDP by expenditure approach","","Constant prices","Seasonally adjusted (SA)","Purchasing power parity (PPP) international dollar","","","","","","International Monetary Fund (IMF)","Statistics Department (STA)","datahelp@imf.org","","National accounts; Gross domestic product (GDP); International Financial Statistics (IFS)","","","English","2025-12-17T14:00:00Z","2025-12-17T14:00:00Z","","","Public (Unrestricted)","Public or Unrestricted","","","","","","","6270","6260","6260","6240","6240","6280","6310","6330","6360","6380","6410","6430","6460","6480","6510","6540","6570","6590","6620","6670","6720","6770","6820","6880","6900","6950","6970","7000","7050","7080","7110","7140","6940","6180","6850","6880","6930","7150","7230","7270","7290","7320","7330","7340","7370","7390","7430","7450","7480","7520","7560","7590","7610","7630","7640"
"IMF.STA:QGDP_WCA(4.0.0)","G119.B1GQ_S1_Q.SA_PU.Q","OBS_VALUE","G7","Gross domestic product (GDP), Total economy, Constant prices","Seasonally adjusted (SA), Purchasing power parity (PPP) international dollar","Quarterly","Billions","","Gross domestic product (GDP)","Total economy","GDP by expenditure approach","","Constant prices","Seasonally adjusted (SA)","Purchasing power parity (PPP) international dollar","","","","","","International Monetary Fund (IMF)","Statistics Department (STA)","datahelp@imf.org","","National accounts; Gross domestic product (GDP); International Financial Statistics (IFS)","","","English","2025-12-17T14:00:00Z","2025-12-17T14:00:00Z","","","Public (Unrestricted)","Public or Unrestricted","","","","","","","8770","8770","8780","8770","8830","8880","8940","8990","9000","9050","9120","9160","9230","9270","9300","9320","9380","9390","9450","9490","9550","9610","9680","9760","9800","9850","9870","9890","9950","10000","10100","10100","9880","8930","9760","9860","9940","10100","10200","10400","10400","10400","10500","10500","10600","10600","10700","10700","10700","10800","10900","10900","10900","11000","11000"
"IMF.STA:QGDP_WCA(4.0.0)","U142.B1GQ_S1_Q.SA_PU.Q","OBS_VALUE","Asia","Gross domestic product (GDP), Total economy, Constant prices","Seasonally adjusted (SA), Purchasing power parity (PPP) international dollar","Quarterly","Billions","","Gross domestic product (GDP)","Total economy","GDP by expenditure approach","","Constant prices","Seasonally adjusted (SA)","Purchasing power parity (PPP) international dollar","","","","","","International Monetary Fund (IMF)","Statistics Department (STA)","datahelp@imf.org","","National accounts; Gross domestic product (GDP); International Financial Statistics (IFS)","","","English","2025-12-17T14:00:00Z","2025-12-17T14:00:00Z","","","Public (Unrestricted)","Public or Unrestricted","","","","","","","10600","10600","10700","10800","11000","11200","11400","11500","11700","11800","12000","12100","12300","12500","12600","12800","13000","13100","13300","13500","13600","13800","14100","14200","14400","14600","14700","14800","15000","15200","15300","15400","15500","13700","15300","15800","16000","15700","16300","16600","16600","16800","17000","17100","17400","17700","17800","18000","18200","18400","18600","18800","19000","19200","19400"
"IMF.STA:QGDP_WCA(4.0.0)","U009.B1GQ_S1_V.SA_PU.Q","OBS_VALUE","Oceania","Gross domestic product (GDP), Total economy, Current prices","Seasonally adjusted (SA), Purchasing power parity (PPP) international dollar","Quarterly","Billions","","Gross domestic product (GDP)","Total economy","GDP by expenditure approach","","Current prices","Seasonally adjusted (SA)","Purchasing power parity (PPP) international dollar","","","","","","International Monetary Fund (IMF)","Statistics Department (STA)","datahelp@imf.org","","National accounts; Gross domestic product (GDP); International Financial Statistics (IFS)","","","English","2025-12-17T14:00:00Z","2025-12-17T14:00:00Z","","","Public (Unrestricted)","Public or Unrestricted","","","","","","","296","300","301","302","305","309","313","320","324","325","327","331","335","336","341","342","344","348","352","361","365","364","368","371","378","383","389","394","401","407","415","417","419","394","414","429","446","465","461","475","493","514","522","531","540","541","547","553","560","561","563","571","578","581","591"
"IMF.STA:QGDP_WCA(4.0.0)","U019.B1GQ_S1_V.SA_PU.Q","OBS_VALUE","Americas","Gross domestic product (GDP), Total economy, Current prices","Seasonally adjusted (SA), Purchasing power parity (PPP) international dollar","Quarterly","Billions","","Gross domestic product (GDP)","Total economy","GDP by expenditure approach","","Current prices","Seasonally adjusted (SA)","Purchasing power parity (PPP) international dollar","","","","","","International Monetary Fund (IMF)","Statistics Department (STA)","datahelp@imf.org","","National accounts; Gross domestic product (GDP); International Financial Statistics (IFS)","","","English","2025-12-17T14:00:00Z","2025-12-17T14:00:00Z","","","Public (Unrestricted)","Public or Unrestricted","","","","","","","6560","6620","6690","6740","6830","6880","6950","7030","7060","7170","7250","7290","7330","7390","7440","7430","7440","7490","7560","7630","7710","7770","7840","7980","8110","8190","8270","8310","8370","8460","8570","8640","8560","7780","8460","8660","8970","9270","9460","9740","9970","10300","10500","10600","10800","10900","11100","11200","11400","11500","11600","11700","11900","12000","12200"
"IMF.STA:QGDP_WCA(4.0.0)","G120.B1GQ_S1_Q.SA_PU.Q","OBS_VALUE","G20","Gross domestic product (GDP), Total economy, Constant prices","Seasonally adjusted (SA), Purchasing power parity (PPP) international dollar","Quarterly","Billions","","Gross domestic product (GDP)","Total economy","GDP by expenditure approach","","Constant prices","Seasonally adjusted (SA)","Purchasing power parity (PPP) international dollar","","","","","","International Monetary Fund (IMF)","Statistics Department (STA)","datahelp@imf.org","","National accounts; Gross domestic product (GDP); International Financial Statistics (IFS)","","","English","2025-12-17T14:00:00Z","2025-12-17T14:00:00Z","","","Public (Unrestricted)","Public or Unrestricted","","","","","","","18300","18300","18500","18600","18800","19000","19200","19400","19500","19700","19900","20000","20200","20400","20600","20700","20900","21100","21200","21400","21600","21900","22100","22400","22600","22800","22900","23000","23200","23400","23600","23800","23600","21000","23300","23900","24200","24200","24700","25100","25100","25300","25500","25700","26000","26300","26500","26800","27000","27200","27400","27600","27800","28000","28300"
"IMF.STA:QGDP_WCA(4.0.0)","G110.B1GQ_S1_Q.SA_PU.Q","OBS_VALUE","Advanced Economies","Gross domestic product (GDP), Total economy, Constant prices","Seasonally adjusted (SA), Purchasing power parity (PPP) international dollar","Quarterly","Billions","","Gross domestic product (GDP)","Total economy","GDP by expenditure approach","","Constant prices","Seasonally adjusted (SA)","Purchasing power parity (PPP) international dollar","","","","","","International Monetary Fund (IMF)","Statistics Department (STA)","datahelp@imf.org","","National accounts; Gross domestic product (GDP); International Financial Statistics (IFS)","","","English","2025-12-17T14:00:00Z","2025-12-17T14:00:00Z","","","Public (Unrestricted)","Public or Unrestricted","","","","","","","11800","11800","11800","11800","11900","12000","12000","12100","12100","12200","12300","12400","12500","12500","12600","12600","12700","12700","12800","12900","13000","13000","13200","13300","13300","13400","13400","13500","13600","13600","13700","13700","13400","12300","13300","13400","13500","13900","14000","14200","14200","14300","14400","14400","14500","14600","14600","14700","14700","14800","14900","15000","15000","15000","15100"
"IMF.STA:QGDP_WCA(4.0.0)","G001.B1GQ_S1.POP_PCH_PT.Q","OBS_VALUE","World","Gross domestic product (GDP), Total economy","Period-over-preceding period percent change, Percent","Quarterly","Units","","Gross domestic product (GDP)","Total economy","GDP by expenditure approach","Price deflator","","Seasonally adjusted (SA)","Period-over-preceding period percent change","Percent","","","","","International Monetary Fund (IMF)","Statistics Department (STA)","datahelp@imf.org","","National accounts; Gross domestic product (GDP); International Financial Statistics (IFS)","","","English","2025-12-17T14:00:00Z","2025-12-17T14:00:00Z","","","Public (Unrestricted)","Public or Unrestricted","","","","","","","","0.590519917","0.455673345","0.421506104","0.37681849","0.270864362","0.427276491","0.496312525","0.526959053","0.403469652","0.355812068","-0.020528757","0.153856752","0.383685662","0.249618606","-0.052227689","0.076079364","0.495273313","0.160394517","0.55114936","0.620516462","0.059902065","0.571199994","0.559671186","0.729422652","0.721698783","0.90368097","0.730902984","0.406103517","1.01951987","0.618109272","0.879489319","0.617630203","0.004165645","0.68073904","1.338607734","1.636126239","0.858545522","1.528846443","2.094425823","1.977996899","2.253083945","0.776025246","0.940061158","0.959008558","0.405602607","1.017997188","0.606243555","0.767040218","0.405389612","0.244002774","0.633030027","0.842576131","0.890264905","0.50823452"
"IMF.STA:QGDP_WCA(4.0.0)","G001.B1GQ_S1_Q.POP_PCH_PT.Q","OBS_VALUE","World","Gross domestic product (GDP), Total economy, Constant prices","Period-over-preceding period percent change, Percent","Quarterly","Units","","Gross domestic product (GDP)","Total economy","GDP by expenditure approach","","Constant prices","Seasonally adjusted (SA)","Period-over-preceding period percent change","Percent","","","","","International Monetary Fund (IMF)","Statistics Department (STA)","datahelp@imf.org","","National accounts; Gross domestic product (GDP); International Financial Statistics (IFS)","","","English","2025-12-17T14:00:00Z","2025-12-17T14:00:00Z","","","Public (Unrestricted)","Public or Unrestricted","","","","","","","","0.383808709","0.59645894","0.472892155","1.031447143","1.055448968","1.092117192","0.893023881","0.742107582","0.812636201","0.965444061","0.769776277","1.023893176","0.76579645","0.720428943","0.677830535","0.940328125","0.721071841","0.789040772","0.986796957","0.877766252","1.037032008","1.072173062","1.092251857","0.992577954","0.748447185","0.622761448","0.460448162","0.776113224","0.973487336","0.870690573","0.593930628","-0.908253294","-10.8944331","10.60213009","2.187115248","1.094986766","0.419543312","1.947588788","1.49505714","0.395617614","0.732742979","0.844136618","0.587447775","1.018288133","1.044216321","0.849415463","0.782825587","0.769508907","0.832419804","0.882280679","0.75114459","0.625962672","0.801711563","0.826605907"
"IMF.STA:QGDP_WCA(4.0.0)","G119.B1GQ_S1_Q.POP_PCH_PT.Q","OBS_VALUE","G7","Gross domestic product (GDP), Total economy, Constant prices","Period-over-preceding period percent change, Percent","Quarterly","Units","","Gross domestic product (GDP)","Total economy","GDP by expenditure approach","","Constant prices","Seasonally adjusted (SA)","Period-over-preceding period percent change","Percent","","","","","International Monetary Fund (IMF)","Statistics Department (STA)","datahelp@imf.org","","National accounts; Gross domestic product (GDP); International Financial Statistics (IFS)","","","English","2025-12-17T14:00:00Z","2025-12-17T14:00:00Z","","","Public (Unrestricted)","Public or Unrestricted","","","","","","","","0.024941738","0.102584865","-0.038121745","0.61847146","0.541124425","0.688654812","0.534422117","0.133071159","0.550010546","0.827982705","0.45949016","0.71238371","0.434132728","0.348147752","0.220624342","0.601580026","0.175441099","0.544200565","0.455547081","0.67346713","0.580807635","0.729477987","0.845801074","0.362505899","0.521092891","0.251873682","0.227634461","0.542600863","0.612458954","0.659418695","-0.090663719","-1.875664478","-9.57959982","9.24119522","1.046760816","0.846886305","1.94605271","0.974402903","1.369261714","0.039656919","0.423606105","0.44082862","0.400124606","0.515522761","0.432512585","0.442448748","0.49187476","0.158032093","0.579483868","0.595747063","0.356624156","0.094168322","0.550359839","0.64786441"
"IMF.STA:QGDP_WCA(4.0.0)","G120.B1GQ_S1_Q.POP_PCH_PT.Q","OBS_VALUE","G20","Gross domestic product (GDP), Total economy, Constant prices","Period-over-preceding period percent change, Percent","Quarterly","Units","","Gross domestic product (GDP)","Total economy","GDP by expenditure approach","","Constant prices","Seasonally adjusted (SA)","Period-over-preceding period percent change","Percent","","","","","International Monetary Fund (IMF)","Statistics Department (STA)","datahelp@imf.org","","National accounts; Gross domestic product (GDP); International Financial Statistics (IFS)","","","English","2025-12-17T14:00:00Z","2025-12-17T14:00:00Z","","","Public (Unrestricted)","Public or Unrestricted","","","","","","","","0.408419665","0.692769323","0.504494425","1.122044107","1.096217009","1.125648352","0.941738405","0.712773424","0.831067497","1.043021021","0.820190137","1.040518519","0.832323576","0.741574803","0.671899372","0.976901614","0.707662257","0.809202818","1.009392281","0.911839663","1.072138669","1.114794002","1.209635698","0.984465404","0.74477132","0.658450749","0.467830585","0.762868279","1.001282216","0.89826505","0.596378906","-0.863650273","-10.96299716","11.08870158","2.47296314","1.130457328","0.271581168","2.042799365","1.468143157","0.225504598","0.629113484","0.845544738","0.707207185","1.101925262","1.22705488","0.896706209","0.864333027","0.708752638","0.82127049","0.901460786","0.712039636","0.603756314","0.854388362","0.899985358"
"IMF.STA:QGDP_WCA(4.0.0)","G110.B1GQ_S1_V.POP_PCH_PT.Q","OBS_VALUE","Advanced Economies","Gross domestic product (GDP), Total economy, Current prices","Period-over-preceding period percent change, Percent","Quarterly","Units","","Gross domestic product (GDP)","Total economy","GDP by expenditure approach","","Current prices","Seasonally adjusted (SA)","Period-over-preceding period percent change","Percent","","","","","International Monetary Fund (IMF)","Statistics Department (STA)","datahelp@imf.org","","National accounts; Gross domestic product (GDP); International Financial Statistics (IFS)","","","English","2025-12-17T14:00:00Z","2025-12-17T14:00:00Z","","","Public (Unrestricted)","Public or Unrestricted","","","","","","","","-0.108631187","0.361277068","0.310012173","1.242884492","0.901872231","1.238983641","0.941153873","0.649311711","1.236543796","1.063266183","0.652925211","0.999937451","0.712690327","0.610813621","0.369556232","0.816821149","0.574862974","1.01637634","0.950017002","1.213542194","1.046320057","1.288085367","1.355247288","0.874402782","1.240939563","0.936009096","1.038713737","1.58038228","1.28321813","1.377063317","0.668517602","-1.492670118","-6.892189605","7.8009354","1.049869948","2.095644242","4.488781475","2.352710141","2.925867975","2.457321781","2.328136902","1.697538441","1.56490639","1.373827991","0.926225684","0.847202577","1.000457944","0.915155355","1.43236381","1.146502037","1.162802218","0.536403203","0.862374117","1.104894948"
"IMF.STA:QGDP_WCA(4.0.0)","G119.B1GQ_S1.IX.Q","OBS_VALUE","G7","Gross domestic product (GDP), Total economy","Index","Quarterly","Units","","Gross domestic product (GDP)","Total economy","GDP by expenditure approach","Price deflator","","Seasonally adjusted (SA)","","Index","","","","","International Monetary Fund (IMF)","Statistics Department (STA)","datahelp@imf.org","","National accounts; Gross domestic product (GDP); International Financial Statistics (IFS)","","","English","2025-12-17T14:00:00Z","2025-12-17T14:00:00Z","","","Public (Unrestricted)","Public or Unrestricted","","","","","","","95.27466248","95.49221406","95.9629363","96.39445978","96.88224063","97.13844591","97.59431351","97.97515098","98.41119318","99.05666271","99.38042888","99.48854967","99.57018041","99.97494662","100.2116302","100.2392852","100.3638903","100.7631758","101.0788475","101.5772153","102.0879764","102.4447428","102.9459606","103.520513","104.0389432","104.6534085","105.2967072","106.0016109","106.822572","107.7163481","108.4731321","109.350279","110.1382161","111.1952136","111.0927035","111.8099643","112.9885742","114.1962107","115.9918132","117.9326035","120.6613517","123.1340035","124.3374332","125.80188","126.8579416","127.6480814","128.5406964","129.0983546","129.9196171","130.8231076","131.5967174","132.4375224","133.3969067","134.2982407","135.0063525"
"IMF.STA:QGDP_WCA(4.0.0)","G001.B1GQ_S1_V.POP_PCH_PT.Q","OBS_VALUE","World","Gross domestic product (GDP), Total economy, Current prices","Period-over-preceding period percent change, Percent","Quarterly","Units","","Gross domestic product (GDP)","Total economy","GDP by expenditure approach","","Current prices","Seasonally adjusted (SA)","Period-over-preceding period percent change","Percent","","","","","International Monetary Fund (IMF)","Statistics Department (STA)","datahelp@imf.org","","National accounts; Gross domestic product (GDP); International Financial Statistics (IFS)","","","English","2025-12-17T14:00:00Z","2025-12-17T14:00:00Z","","","Public (Unrestricted)","Public or Unrestricted","","","","","","","","0.976595094","1.054850189","0.896391528","1.412152316","1.329172165","1.524060043","1.393768595","1.272977238","1.219384593","1.324691295","0.749089494","1.179325256","1.152420363","0.971845874","0.625248831","1.017122885","1.21991643","0.950700866","1.543385042","1.503729398","1.097555277","1.649497308","1.658036062","1.729240694","1.475547502","1.532070194","1.194716576","1.185368564","2.002932103","1.494181663","1.478643503","-0.296232738","-10.89072127","11.35504197","3.554999876","2.749028371","1.281690804","3.506210873","3.620795825","2.381439817","3.002336239","1.626712577","1.533031301","1.987062162","1.454054297","1.876059677","1.393814971","1.542451568","1.241183959","1.128436242","1.388929588","1.473813015","1.699113824","1.339041524"
"IMF.STA:QGDP_WCA(4.0.0)","U142.B1GQ_S1.IX.Q","OBS_VALUE","Asia","Gross domestic product (GDP), Total economy","Index","Quarterly","Units","","Gross domestic product (GDP)","Total economy","GDP by expenditure approach","Price deflator","","Seasonally adjusted (SA)","","Index","","","","","International Monetary Fund (IMF)","Statistics Department (STA)","datahelp@imf.org","","National accounts; Gross domestic product (GDP); International Financial Statistics (IFS)","","","English","2025-12-17T14:00:00Z","2025-12-17T14:00:00Z","","","Public (Unrestricted)","Public or Unrestricted","","","","","","","95.16466899","95.91628716","96.27701548","96.77219918","96.95201933","97.21491145","97.76882094","98.35109396","98.72168751","99.13119561","99.51297228","99.3987281","99.65917058","100.093256","100.1963203","100.0435596","100.1656559","100.8310183","100.7955163","101.5669664","102.2953104","102.0456818","102.764237","103.1927091","104.1007715","104.6706534","105.7335366","106.1676843","105.9824237","107.0835462","107.4525952","108.6239128","108.9108106","107.7702402","109.15585","110.9719683","112.6488484","112.7075589","114.4132933","117.8590264","120.0813444","122.8650828","122.9980796","124.0302049","125.2994046","125.8215229","128.0185861","128.5818141","129.3475306","129.9127733","130.0354121","130.9571228","132.1124344","133.5898371","133.7739262"
"IMF.STA:QGDP_WCA(4.0.0)","U150.B1GQ_S1.IX.Q","OBS_VALUE","Europe","Gross domestic product (GDP), Total economy","Index","Quarterly","Units","","Gross domestic product (GDP)","Total economy","GDP by expenditure approach","Price deflator","","Seasonally adjusted (SA)","","Index","","","","","International Monetary Fund (IMF)","Statistics Department (STA)","datahelp@imf.org","","National accounts; Gross domestic product (GDP); International Financial Statistics (IFS)","","","English","2025-12-17T14:00:00Z","2025-12-17T14:00:00Z","","","Public (Unrestricted)","Public or Unrestricted","","","","","","","95.39402937","95.75746051","96.2572144","96.61414673","97.0857145","97.37508706","97.72934874","98.12699494","98.72976056","99.10354394","99.46996101","99.5698307","99.71411539","99.78359577","100.123632","100.3740759","100.4080339","100.6076397","101.1071764","101.4726238","101.9444005","102.4544278","102.7725959","103.4790119","104.1150066","105.0210301","106.3432045","108.0959873","109.993864","111.5566045","112.8508449","113.9179542","114.7862157","117.5072784","116.6433917","118.2648673","120.4590127","122.0256038","124.4862149","126.5454958","128.9884425","130.8536862","132.9546567","134.6326894","136.0776169","136.6506086","136.5554414","137.5795162","138.7391354","139.4691736","140.536417","141.6050649","142.5815305","143.4588538","144.6235302"
"IMF.STA:QGDP_WCA(4.0.0)","G110.B1GQ_S1.POP_PCH_PT.Q","OBS_VALUE","Advanced Economies","Gross domestic product (GDP), Total economy","Period-over-preceding period percent change, Percent","Quarterly","Units","","Gross domestic product (GDP)","Total economy","GDP by expenditure approach","Price deflator","","Seasonally adjusted (SA)","Period-over-preceding period percent change","Percent","","","","","International Monetary Fund (IMF)","Statistics Department (STA)","datahelp@imf.org","","National accounts; Gross domestic product (GDP); International Financial Statistics (IFS)","","","English","2025-12-17T14:00:00Z","2025-12-17T14:00:00Z","","","Public (Unrestricted)","Public or Unrestricted","","","","","","","","0.004426348","0.38131786","0.392750439","0.602565796","0.290852775","0.479924496","0.363338296","0.478860212","0.615585283","0.249764578","0.200107845","0.140429295","0.294703787","0.147466608","0.042843844","0.221281069","0.297679806","0.394835742","0.417493754","0.455203259","0.468445477","0.462769656","0.536096427","0.451910719","0.612983998","0.65740911","0.670093778","1.024344074","0.710322564","0.737637613","0.664124969","0.625194258","1.339453162","-0.231434085","0.613222578","1.043677052","1.523398524","1.799703982","1.514846242","2.36043065","1.653295097","1.231624717","1.164111309","0.886838823","0.610906503","0.440856413","0.489642757","0.558437845","0.815449297","0.588519427","0.853790319","0.559023711","0.478078826","0.544650135"
"IMF.STA:QGDP_WCA(4.0.0)","G110.B1GQ_S1_Q.POP_PCH_PT.Q","OBS_VALUE","Advanced Economies","Gross domestic product (GDP), Total economy, Constant prices","Period-over-preceding period percent change, Percent","Quarterly","Units","","Gross domestic product (GDP)","Total economy","GDP by expenditure approach","","Constant prices","Seasonally adjusted (SA)","Period-over-preceding period percent change","Percent","","","","","International Monetary Fund (IMF)","Statistics Department (STA)","datahelp@imf.org","","National accounts; Gross domestic product (GDP); International Financial Statistics (IFS)","","","English","2025-12-17T14:00:00Z","2025-12-17T14:00:00Z","","","Public (Unrestricted)","Public or Unrestricted","","","","","","","","-0.113052531","-0.019964664","-0.082414582","0.636483464","0.609247443","0.755433634","0.575723752","0.169639165","0.61715937","0.811474828","0.451913053","0.858302848","0.416758338","0.462664737","0.326572473","0.594225172","0.276360498","0.619096184","0.53030924","0.754902594","0.575180175","0.821513993","0.814782839","0.420591365","0.624129749","0.276780406","0.366166301","0.550400214","0.568854861","0.634743597","0.004363652","-2.104705875","-8.122841115","8.051002248","0.433986069","1.041101453","2.920886214","0.543229634","1.389965887","0.094656823","0.663866139","0.460245229","0.396183069","0.482708324","0.313404572","0.404562624","0.508326205","0.354736527","0.611924578","0.554717986","0.306395921","-0.022494756","0.382466799","0.557209968"
"IMF.STA:QGDP_WCA(4.0.0)","U002.B1GQ_S1.IX.Q","OBS_VALUE","Africa","Gross domestic product (GDP), Total economy","Index","Quarterly","Units","","Gross domestic product (GDP)","Total economy","GDP by expenditure approach","Price deflator","","Seasonally adjusted (SA)","","Index","","","","","International Monetary Fund (IMF)","Statistics Department (STA)","datahelp@imf.org","","National accounts; Gross domestic product (GDP); International Financial Statistics (IFS)","","","English","2025-12-17T14:00:00Z","2025-12-17T14:00:00Z","","","Public (Unrestricted)","Public or Unrestricted","","","","","","","95.56633928","96.34656635","96.51512654","96.56641894","97.38389166","97.53527441","97.66024133","98.12385127","99.1947676","98.95395432","99.41779758","99.11046899","99.47677986","100.4656395","100.0379338","100.020684","100.7800602","101.1910352","100.8913591","100.4040655","101.3283544","101.765499","102.9489","103.5877122","103.1415052","104.509153","105.293388","105.9288874","106.2426869","108.0502752","109.42889","110.6197675","112.3019995","112.7039423","114.2522979","116.6495532","116.7979162","118.7395999","119.5833381","120.2846779","122.8573884","127.8589567","128.6386449","129.5790976","131.0901248","130.9337895","132.1003867","133.0451476","133.6115961","134.5426558","135.1784763","136.2312913","135.6768818","136.4087583","138.8854733"
"IMF.STA:QGDP_WCA(4.0.0)","U019.B1GQ_S1.IX.Q","OBS_VALUE","Americas","Gross domestic product (GDP), Total economy","Index","Quarterly","Units","","Gross domestic product (GDP)","Total economy","GDP by expenditure approach","Price deflator","","Seasonally adjusted (SA)","","Index","","","","","International Monetary Fund (IMF)","Statistics Department (STA)","datahelp@imf.org","","National accounts; Gross domestic product (GDP); International Financial Statistics (IFS)","","","English","2025-12-17T14:00:00Z","2025-12-17T14:00:00Z","","","Public (Unrestricted)","Public or Unrestricted","","","","","","","95.22487994","95.63147629","96.22299941","96.63176068","97.08623015","97.32351198","97.62597677","98.0026363","98.57674445","99.13800818","99.42752946","99.48812587","99.41943558","99.86737027","100.4222284","100.2871464","100.1854143","100.6753797","100.9490036","101.4704877","101.9938994","102.1876215","102.6518224","103.3799273","104.2079649","105.0255888","105.4469551","106.0114553","106.3035635","106.7934521","107.3098561","107.7603826","108.8422518","108.6219299","109.3518146","109.9872518","112.2583446","114.0047409","115.6253597","117.0493031","119.5381282","122.4577835","124.178713","125.352768","126.2246816","126.968127","127.7519535","128.7714725","130.2384312","130.489232","130.5785582","131.0164058","132.6090524","133.7009668","134.6685038"
"IMF.STA:QGDP_WCA(4.0.0)","G200.B1GQ_S1_V.POP_PCH_PT.Q","OBS_VALUE","Emerging Market and Developing Economies","Gross domestic product (GDP), Total economy, Current prices","Period-over-preceding period percent change, Percent","Quarterly","Units","","Gross domestic product (GDP)","Total economy","GDP by expenditure approach","","Current prices","Seasonally adjusted (SA)","Period-over-preceding period percent change","Percent","","","","","International Monetary Fund (IMF)","Statistics Department (STA)","datahelp@imf.org","","National accounts; Gross domestic product (GDP); International Financial Statistics (IFS)","","","English","2025-12-17T14:00:00Z","2025-12-17T14:00:00Z","","","Public (Unrestricted)","Public or Unrestricted","","","","","","","","1.927456733","1.650410922","1.393521002","1.554123214","1.686465318","1.760591665","1.767383997","1.783608605","1.20549192","1.536414884","0.82660833","1.323682176","1.505149199","1.259186449","0.827447988","1.174800168","1.725905066","0.899767058","2.004096185","1.726712323","1.136726358","1.925562132","1.887874993","2.374733385","1.650104978","1.973777783","1.309145075","0.896398378","2.533004239","1.579388371","2.066857671","0.560572011","-13.69572372","14.04482314","5.347105949","3.197376319","-0.895499552","4.331829202","4.108755231","2.328762964","3.470949804","1.578027592","1.511094907","2.409312825","1.813822947","2.571216409","1.655123111","1.956482476","1.116289329","1.116597267","1.537160445","2.086037681","2.237295247","1.487616602"
"IMF.STA:QGDP_WCA(4.0.0)","G200.B1GQ_S1_Q.POP_PCH_PT.Q","OBS_VALUE","Emerging Market and Developing Economies","Gross domestic product (GDP), Total economy, Constant prices","Period-over-preceding period percent change, Percent","Quarterly","Units","","Gross domestic product (GDP)","Total economy","GDP by expenditure approach","","Constant prices","Seasonally adjusted (SA)","Period-over-preceding period percent change","Percent","","","","","International Monetary Fund (IMF)","Statistics Department (STA)","datahelp@imf.org","","National accounts; Gross domestic product (GDP); International Financial Statistics (IFS)","","","English","2025-12-17T14:00:00Z","2025-12-17T14:00:00Z","","","Public (Unrestricted)","Public or Unrestricted","","","","","","","","0.816283765","1.128056844","0.946347001","1.364761565","1.429298161","1.371926259","1.155120188","1.212269535","0.97152533","1.09015541","1.026528031","1.156886819","1.045298484","0.925556882","0.956078532","1.212782982","1.069012465","0.920962038","1.340090417","0.972095349","1.390857993","1.262658813","1.302192953","1.423277268","0.841131344","0.880150576","0.530168695","0.942753538","1.27105989","1.043006214","1.02276059","-0.046769361","-12.84897942","12.49876602","3.438949153","1.132346159","-1.313105769","2.962106435","1.569192158","0.607551171","0.780998091","1.11277833","0.720428318","1.38946175","1.546162253","1.151246044","0.967697296","1.047581703","0.979231216","1.099587047","1.044602452","1.05070747","1.073403771","0.999994911"
"IMF.STA:QGDP_WCA(4.0.0)","G119.B1GQ_S1_V.POP_PCH_PT.Q","OBS_VALUE","G7","Gross domestic product (GDP), Total economy, Current prices","Period-over-preceding period percent change, Percent","Quarterly","Units","","Gross domestic product (GDP)","Total economy","GDP by expenditure approach","","Current prices","Seasonally adjusted (SA)","Period-over-preceding period percent change","Percent","","","","","International Monetary Fund (IMF)","Statistics Department (STA)","datahelp@imf.org","","National accounts; Gross domestic product (GDP); International Financial Statistics (IFS)","","","English","2025-12-17T14:00:00Z","2025-12-17T14:00:00Z","","","Public (Unrestricted)","Public or Unrestricted","","","","","","","","0.253340177","0.596033609","0.411384064","1.127626903","0.80700563","1.161183423","0.926732631","0.57871727","1.209508372","1.157538422","0.568784914","0.795018607","0.842411028","0.585714901","0.24828177","0.726635461","0.573976911","0.8591863","0.950841683","1.179683909","0.932306952","1.222303704","1.408632276","0.865120769","1.114781454","0.868116352","0.89860349","1.321283018","1.454275543","1.366622763","0.717233698","-1.168617358","-8.711834333","9.140486511","1.699160791","1.909932378","3.03566532","2.56210782","3.065385572","2.354394534","2.481536069","1.42247035","1.582637646","1.359314525","1.058060544","1.144820689","0.9278466","0.795189945","1.278936432","1.190610337","0.997828201","0.819255644","1.229756856","1.178548524"
"IMF.STA:QGDP_WCA(4.0.0)","G119.B1GQ_S1.POP_PCH_PT.Q","OBS_VALUE","G7","Gross domestic product (GDP), Total economy","Period-over-preceding period percent change, Percent","Quarterly","Units","","Gross domestic product (GDP)","Total economy","GDP by expenditure approach","Price deflator","","Seasonally adjusted (SA)","Period-over-preceding period percent change","Percent","","","","","International Monetary Fund (IMF)","Statistics Department (STA)","datahelp@imf.org","","National accounts; Gross domestic product (GDP); International Financial Statistics (IFS)","","","English","2025-12-17T14:00:00Z","2025-12-17T14:00:00Z","","","Public (Unrestricted)","Public or Unrestricted","","","","","","","","0.228341486","0.492943059","0.449677234","0.506025818","0.264450201","0.469296776","0.390225065","0.445053872","0.65589036","0.326849461","0.108794852","0.082050383","0.406513492","0.236742934","0.027596542","0.124307625","0.397837841","0.313280859","0.493048534","0.502830381","0.349469571","0.489256697","0.558110696","0.500799443","0.590610931","0.614694417","0.669445141","0.774479821","0.836692193","0.702571183","0.808630551","0.720562454","0.959701003","-0.092189314","0.645641651","1.054118884","1.068812946","1.572383566","1.673213191","2.313820025","2.04924922","0.977333364","1.177800371","0.839464136","0.622854036","0.699277994","0.433837901","0.636152527","0.695422701","0.591340382","0.638925482","0.724405162","0.675678355","0.527268132"
"IMF.STA:QGDP_WCA(4.0.0)","G120.B1GQ_S1_V.POP_PCH_PT.Q","OBS_VALUE","G20","Gross domestic product (GDP), Total economy, Current prices","Period-over-preceding period percent change, Percent","Quarterly","Units","","Gross domestic product (GDP)","Total economy","GDP by expenditure approach","","Current prices","Seasonally adjusted (SA)","Period-over-preceding period percent change","Percent","","","","","International Monetary Fund (IMF)","Statistics Department (STA)","datahelp@imf.org","","National accounts; Gross domestic product (GDP); International Financial Statistics (IFS)","","","English","2025-12-17T14:00:00Z","2025-12-17T14:00:00Z","","","Public (Unrestricted)","Public or Unrestricted","","","","","","","","0.978480808","1.13493165","0.90963642","1.562117561","1.347330577","1.548448253","1.439502469","1.257791552","1.246421015","1.403694601","0.798378509","1.203767147","1.280005304","0.970541981","0.547000155","1.109102612","1.229006449","0.928868322","1.623550239","1.566721817","1.088171189","1.721564173","1.718202488","1.748479574","1.439678282","1.52623232","1.145160883","1.08696911","2.020724707","1.503425314","1.418969484","-0.224267723","-11.0212103","11.77844542","3.804026387","2.984010024","1.059151005","3.617736928","3.651177283","2.244044437","3.058284712","1.383714302","1.655808021","2.009621729","1.723221028","2.1269764","1.450451989","1.50229218","1.132006381","1.104788448","1.292710381","1.49218911","1.831664645","1.355747639"
"IMF.STA:QGDP_WCA(4.0.0)","G120.B1GQ_S1.IX.Q","OBS_VALUE","G20","Gross domestic product (GDP), Total economy","Index","Quarterly","Units","","Gross domestic product (GDP)","Total economy","GDP by expenditure approach","Price deflator","","Seasonally adjusted (SA)","","Index","","","","","International Monetary Fund (IMF)","Statistics Department (STA)","datahelp@imf.org","","National accounts; Gross domestic product (GDP); International Financial Statistics (IFS)","","","English","2025-12-17T14:00:00Z","2025-12-17T14:00:00Z","","","Public (Unrestricted)","Public or Unrestricted","","","","","","","95.25450424","95.79530442","96.21596099","96.60381555","97.02422611","97.26522523","97.67188495","98.1535247","98.68469318","99.09120514","99.4449117","99.4233976","99.58403349","100.026173","100.2535142","100.129134","100.2602251","100.779253","100.898883","101.512369","102.1711484","102.1873552","102.8005616","103.3171226","104.0987849","104.8168268","105.720458","106.4332002","106.7755395","107.8532637","108.5001381","109.3873589","110.0928556","110.0208759","110.7039897","112.1419691","114.1973445","115.0942924","116.8706678","119.3850792","121.7894926","124.7294721","125.3950999","126.5762457","127.7126515","128.3386373","129.9035169","130.6583815","131.6879106","132.0937789","132.3599626","133.1231043","134.2987158","135.6000667","136.2125682"
"IMF.STA:QGDP_WCA(4.0.0)","U009.B1GQ_S1.IX.Q","OBS_VALUE","Oceania","Gross domestic product (GDP), Total economy","Index","Quarterly","Units","","Gross domestic product (GDP)","Total economy","GDP by expenditure approach","Price deflator","","Seasonally adjusted (SA)","","Index","","","","","International Monetary Fund (IMF)","Statistics Department (STA)","datahelp@imf.org","","National accounts; Gross domestic product (GDP); International Financial Statistics (IFS)","","","English","2025-12-17T14:00:00Z","2025-12-17T14:00:00Z","","","Public (Unrestricted)","Public or Unrestricted","","","","","","","95.69195277","96.30349878","95.83432303","95.66392557","96.22651172","97.0616947","97.65943301","98.8759874","99.12558539","98.96256537","98.86788994","99.48963526","99.7689306","99.94959057","100.3530676","99.92557111","99.80667918","100.1121136","101.0802012","102.6045003","103.3458873","102.3092886","102.4252878","102.700678","103.640236","104.3698285","105.6074847","106.4611158","107.5273046","109.0271481","110.2266224","110.0738003","111.4694982","111.8575596","112.6478359","113.8358865","116.0903582","119.303661","121.0034353","120.4116171","123.8398388","127.7739614","128.9654228","130.0638728","131.9024668","131.5755717","132.3914973","133.7999129","135.1412605","135.3239916","135.5236999","136.8722708","138.1526028","138.2146788","140.137492"
"IMF.STA:QGDP_WCA(4.0.0)","G120.B1GQ_S1.POP_PCH_PT.Q","OBS_VALUE","G20","Gross domestic product (GDP), Total economy","Period-over-preceding period percent change, Percent","Quarterly","Units","","Gross domestic product (GDP)","Total economy","GDP by expenditure approach","Price deflator","","Seasonally adjusted (SA)","Period-over-preceding period percent change","Percent","","","","","International Monetary Fund (IMF)","Statistics Department (STA)","datahelp@imf.org","","National accounts; Gross domestic product (GDP); International Financial Statistics (IFS)","","","English","2025-12-17T14:00:00Z","2025-12-17T14:00:00Z","","","Public (Unrestricted)","Public or Unrestricted","","","","","","","","0.567742371","0.439120237","0.403108337","0.435190426","0.248390668","0.418093636","0.493120162","0.541160877","0.411930101","0.356950511","-0.021634186","0.161567489","0.443986325","0.227281714","-0.124065622","0.130922019","0.517680761","0.11870494","0.608020644","0.648964637","0.015862453","0.600080509","0.502488509","0.75656604","0.689769754","0.862105034","0.674176295","0.321647087","1.009336187","0.599772715","0.817713905","0.644952686","-0.065380843","0.620894685","1.298940917","1.832833298","0.785436739","1.543408817","2.151447792","2.01399818","2.413984526","0.533657253","0.941939373","0.897803345","0.490151717","1.219336327","0.581096354","0.787954891","0.308204696","0.201511119","0.576565371","0.883101018","0.968997282","0.451697073"
"IMF.STA:QGDP_WCA(4.0.0)","G200.B1GQ_S1.POP_PCH_PT.Q","OBS_VALUE","Emerging Market and Developing Economies","Gross domestic product (GDP), Total economy","Period-over-preceding period percent change, Percent","Quarterly","Units","","Gross domestic product (GDP)","Total economy","GDP by expenditure approach","Price deflator","","Seasonally adjusted (SA)","Period-over-preceding period percent change","Percent","","","","","International Monetary Fund (IMF)","Statistics Department (STA)","datahelp@imf.org","","National accounts; Gross domestic product (GDP); International Financial Statistics (IFS)","","","English","2025-12-17T14:00:00Z","2025-12-17T14:00:00Z","","","Public (Unrestricted)","Public or Unrestricted","","","","","","","","1.102176083","0.516527355","0.442981855","0.186812109","0.253543268","0.383405366","0.605272188","0.564495858","0.231715416","0.441447016","-0.197888322","0.164887791","0.455093628","0.330569955","-0.127412382","-0.037527685","0.649944612","-0.021001564","0.655225158","0.747352","-0.250645512","0.654637481","0.578153368","0.938104292","0.802225861","1.084085622","0.774868271","-0.045922226","1.2461056","0.530845406","1.033526579","0.607625555","-0.971582776","1.374288069","1.844717886","2.041908685","0.423162791","1.330317351","2.50032812","1.7108177","2.669106045","0.460129046","0.785011146","1.005874828","0.263585238","1.403809069","0.68083737","0.899478006","0.135729012","0.016825212","0.487465913","1.02456503","1.1515309","0.482793778"
"IMF.STA:QGDP_WCA(4.0.0)","G200.B1GQ_S1.IX.Q","OBS_VALUE","Emerging Market and Developing Economies","Gross domestic product (GDP), Total economy","Index","Quarterly","Units","","Gross domestic product (GDP)","Total economy","GDP by expenditure approach","Price deflator","","Seasonally adjusted (SA)","","Index","","","","","International Monetary Fund (IMF)","Statistics Department (STA)","datahelp@imf.org","","National accounts; Gross domestic product (GDP); International Financial Statistics (IFS)","","","English","2025-12-17T14:00:00Z","2025-12-17T14:00:00Z","","","Public (Unrestricted)","Public or Unrestricted","","","","","","","94.97292581","96.01969468","96.51566267","96.94320954","97.1243112","97.37056335","97.74388732","98.33550388","98.89060373","99.1197485","99.55730967","99.36029738","99.52413038","99.97705836","100.3075525","100.1797482","100.1421531","100.7930216","100.7718535","101.432136","102.1901911","101.934056","102.6013546","103.1945477","104.1626202","104.9982397","106.1365105","106.9589287","106.9098107","108.2420199","108.8166177","109.9412663","110.6092976","109.5346367","111.0399581","113.0883321","115.3974926","115.8858118","117.4274609","120.3635327","122.4227333","125.6903259","126.2686636","127.2598867","128.5399619","128.8787742","130.6879861","131.5777588","132.7612718","132.9414674","132.963835","133.6119884","134.9809301","136.5352772","137.1944611"
"IMF.STA:QGDP_WCA(4.0.0)","U002.B1GQ_S1_Q.POP_PCH_PT.Q","OBS_VALUE","Africa","Gross domestic product (GDP), Total economy, Constant prices","Period-over-preceding period percent change, Percent","Quarterly","Units","","Gross domestic product (GDP)","Total economy","GDP by expenditure approach","","Constant prices","Seasonally adjusted (SA)","Period-over-preceding period percent change","Percent","","","","","International Monetary Fund (IMF)","Statistics Department (STA)","datahelp@imf.org","","National accounts; Gross domestic product (GDP); International Financial Statistics (IFS)","","","English","2025-12-17T14:00:00Z","2025-12-17T14:00:00Z","","","Public (Unrestricted)","Public or Unrestricted","","","","","","","","0.882002034","0.557836438","0.697090027","1.101990807","1.154750815","1.030542596","1.208666577","0.523387605","1.167501167","1.152081077","1.325444459","1.214752589","-0.374012915","0.813380657","0.703498967","0.434940601","0.441531903","0.515202414","0.656230401","1.209217063","1.121195437","0.675189625","0.917314735","0.875014196","0.152107508","1.673703189","0.741363035","-0.316820933","1.197365487","1.221112465","1.368072562","1.172440428","-15.41523686","13.60665115","2.142149511","-0.290598256","1.615762754","-1.999695133","2.049059391","2.436045584","-0.046330603","2.514952122","-0.741886153","1.213128669","1.29525196","0.447515792","1.188042945","0.959766547","0.973487275","0.175744733","0.515550042","-0.027092191","0.781581525","0.417430801"
"IMF.STA:QGDP_WCA(4.0.0)","U009.B1GQ_S1_Q.POP_PCH_PT.Q","OBS_VALUE","Oceania","Gross domestic product (GDP), Total economy, Constant prices","Period-over-preceding period percent change, Percent","Quarterly","Units","","Gross domestic product (GDP)","Total economy","GDP by expenditure approach","","Constant prices","Seasonally adjusted (SA)","Period-over-preceding period percent change","Percent","","","","","International Monetary Fund (IMF)","Statistics Department (STA)","datahelp@imf.org","","National accounts; Gross domestic product (GDP); International Financial Statistics (IFS)","","","English","2025-12-17T14:00:00Z","2025-12-17T14:00:00Z","","","Public (Unrestricted)","Public or Unrestricted","","","","","","","","0.679713272","0.603622312","0.517985179","0.524931277","0.294696894","0.917058021","0.865173657","0.863261033","0.660821751","0.609255772","0.510704134","0.900392391","0.240913544","1.036722516","0.674413398","0.946721651","0.75874699","0.178281321","1.013066641","0.485231782","0.59344916","0.890250115","0.565178574","0.984165729","0.730905939","0.316592643","0.410251496","0.857742253","0.207848432","0.676384243","0.6596657","-0.658679048","-6.488967494","4.398406031","2.518405635","2.114894243","1.40326922","-2.373204374","3.593071959","0.853715136","1.062081389","0.684059239","0.810283545","0.377818777","0.342353459","0.455527962","0.078398398","0.230453062","0.118632092","0.154215154","0.458254719","0.347606384","0.379545603","0.310668977"
"IMF.STA:QGDP_WCA(4.0.0)","U002.B1GQ_S1_V.POP_PCH_PT.Q","OBS_VALUE","Africa","Gross domestic product (GDP), Total economy, Current prices","Period-over-preceding period percent change, Percent","Quarterly","Units","","Gross domestic product (GDP)","Total economy","GDP by expenditure approach","","Current prices","Seasonally adjusted (SA)","Period-over-preceding period percent change","Percent","","","","","International Monetary Fund (IMF)","Statistics Department (STA)","datahelp@imf.org","","National accounts; Gross domestic product (GDP); International Financial Statistics (IFS)","","","English","2025-12-17T14:00:00Z","2025-12-17T14:00:00Z","","","Public (Unrestricted)","Public or Unrestricted","","","","","","","","1.705627474","0.733764329","0.75060491","1.95785893","1.31199534","1.159987827","1.6891215","1.620492291","0.921898722","1.626227973","1.012218798","1.58884086","0.616329941","0.384194555","0.686134409","1.197461847","0.851126475","0.217527724","0.170072493","2.14091796","1.557446284","1.845911729","1.543520695","0.440492178","1.480116213","2.436661009","1.349388582","-0.021523488","2.919113882","2.512593912","2.471226965","2.711003741","-15.11249751","15.16740835","4.285308307","-0.163780951","3.305053751","-1.303325905","2.647563059","4.627000387","4.022819093","3.140091705","-0.016228967","2.393379188","1.174449357","1.342485639","1.911723714","1.389609397","1.6771114","0.649154384","1.298398605","-0.433943844","1.32522366","2.24066678"
"IMF.STA:QGDP_WCA(4.0.0)","U019.B1GQ_S1.POP_PCH_PT.Q","OBS_VALUE","Americas","Gross domestic product (GDP), Total economy","Period-over-preceding period percent change, Percent","Quarterly","Units","","Gross domestic product (GDP)","Total economy","GDP by expenditure approach","Price deflator","","Seasonally adjusted (SA)","Period-over-preceding period percent change","Percent","","","","","International Monetary Fund (IMF)","Statistics Department (STA)","datahelp@imf.org","","National accounts; Gross domestic product (GDP); International Financial Statistics (IFS)","","","English","2025-12-17T14:00:00Z","2025-12-17T14:00:00Z","","","Public (Unrestricted)","Public or Unrestricted","","","","","","","","0.42698541","0.618544374","0.424806212","0.47031065","0.24440318","0.310782852","0.385818968","0.585808882","0.569367279","0.292038633","0.060945306","-0.069043714","0.450550425","0.555594996","-0.134514069","-0.101440801","0.489058656","0.271788338","0.516581661","0.515826557","0.189934982","0.454263348","0.709295613","0.80096551","0.784607966","0.401203449","0.535340403","0.275543977","0.460839349","0.483553935","0.419837085","1.003958223","-0.202423227","0.671949703","0.581094354","2.064869158","1.555693916","1.42153634","1.231514766","2.126304924","2.442446884","1.405324718","0.945455979","0.69556787","0.588985727","0.617341156","0.798045775","1.13919541","0.192570448","0.068454885","0.335313499","1.215608584","0.823408638","0.723657461"
"IMF.STA:QGDP_WCA(4.0.0)","U009.B1GQ_S1_V.POP_PCH_PT.Q","OBS_VALUE","Oceania","Gross domestic product (GDP), Total economy, Current prices","Period-over-preceding period percent change, Percent","Quarterly","Units","","Gross domestic product (GDP)","Total economy","GDP by expenditure approach","","Current prices","Seasonally adjusted (SA)","Period-over-preceding period percent change","Percent","","","","","International Monetary Fund (IMF)","Statistics Department (STA)","datahelp@imf.org","","National accounts; Gross domestic product (GDP); International Financial Statistics (IFS)","","","English","2025-12-17T14:00:00Z","2025-12-17T14:00:00Z","","","Public (Unrestricted)","Public or Unrestricted","","","","","","","","1.323134946","0.11349702","0.339259975","1.116104327","1.16518905","1.53853894","2.121662311","1.117875613","0.495276913","0.513004987","1.142780528","1.183648122","0.422428178","1.444588085","0.245547998","0.826614755","1.067094937","1.147008856","2.536353316","1.211305572","-0.415541447","1.004640354","0.835567496","1.908020185","1.440017715","1.506184082","1.221873063","1.86781436","1.605596543","1.78398672","0.520107568","0.600934642","-6.16342534","5.13598324","3.599625293","4.137236635","4.210043302","-0.982270307","3.086406392","3.725106654","4.27260419","1.622913791","1.668924958","1.79676821","0.093674048","1.078472146","1.143058737","1.235265977","0.254007367","0.302020684","1.457895917","1.286279004","0.424649096","1.706169662"
"IMF.STA:QGDP_WCA(4.0.0)","U019.B1GQ_S1_Q.POP_PCH_PT.Q","OBS_VALUE","Americas","Gross domestic product (GDP), Total economy, Constant prices","Period-over-preceding period percent change, Percent","Quarterly","Units","","Gross domestic product (GDP)","Total economy","GDP by expenditure approach","","Constant prices","Seasonally adjusted (SA)","Period-over-preceding period percent change","Percent","","","","","International Monetary Fund (IMF)","Statistics Department (STA)","datahelp@imf.org","","National accounts; Gross domestic product (GDP); International Financial Statistics (IFS)","","","English","2025-12-17T14:00:00Z","2025-12-17T14:00:00Z","","","Public (Unrestricted)","Public or Unrestricted","","","","","","","","0.491897766","0.466788704","0.263656419","0.894119803","0.462510368","0.80009586","0.729649878","-0.178944341","0.911919526","0.869993537","0.550456025","0.549088593","0.362340427","0.207461629","-0.04442173","0.253717426","0.190989479","0.620234849","0.466062389","0.535038983","0.502790596","0.500937802","1.056771502","0.753473956","0.217922372","0.544977475","-0.005915064","0.48855582","0.624317535","0.809457647","0.407183331","-1.994180925","-8.863762202","7.993727074","1.700839938","1.50887603","1.793027404","0.633059171","1.741773951","0.159857019","0.568590242","0.648865195","0.608795409","0.775243795","0.347173915","1.062050998","0.578447152","0.28125211","0.881092382","0.977663136","0.315379432","0.036770144","0.558292204","0.830852912"
"IMF.STA:QGDP_WCA(4.0.0)","U142.B1GQ_S1_Q.POP_PCH_PT.Q","OBS_VALUE","Asia","Gross domestic product (GDP), Total economy, Constant prices","Period-over-preceding period percent change, Percent","Quarterly","Units","","Gross domestic product (GDP)","Total economy","GDP by expenditure approach","","Constant prices","Seasonally adjusted (SA)","Period-over-preceding period percent change","Percent","","","","","International Monetary Fund (IMF)","Statistics Department (STA)","datahelp@imf.org","","National accounts; Gross domestic product (GDP); International Financial Statistics (IFS)","","","English","2025-12-17T14:00:00Z","2025-12-17T14:00:00Z","","","Public (Unrestricted)","Public or Unrestricted","","","","","","","","0.623473388","1.004315495","1.029458427","1.740659992","1.632108145","1.623725103","1.276526728","1.535096508","0.949617636","1.278148642","1.122521827","1.543971893","1.384765287","1.201052252","1.223832302","1.644556352","1.238724499","1.081814295","1.487117849","1.056851609","1.505833596","1.619251485","1.241067055","1.437835006","1.156087365","0.710351926","0.68036915","1.085151045","1.394051994","1.064729217","0.70638947","0.282619676","-11.50776755","11.69229191","3.236969042","1.169756376","-1.604800551","3.554448068","1.681619475","0.33960216","1.021150856","1.041970189","0.944003432","1.365631136","1.721906632","0.961188473","1.065748988","1.106557421","0.925142458","1.116335159","1.137909954","1.094860423","1.186269988","1.122072983"
"IMF.STA:QGDP_WCA(4.0.0)","U150.B1GQ_S1.POP_PCH_PT.Q","OBS_VALUE","Europe","Gross domestic product (GDP), Total economy","Period-over-preceding period percent change, Percent","Quarterly","Units","","Gross domestic product (GDP)","Total economy","GDP by expenditure approach","Price deflator","","Seasonally adjusted (SA)","Period-over-preceding period percent change","Percent","","","","","International Monetary Fund (IMF)","Statistics Department (STA)","datahelp@imf.org","","National accounts; Gross domestic product (GDP); International Financial Statistics (IFS)","","","English","2025-12-17T14:00:00Z","2025-12-17T14:00:00Z","","","Public (Unrestricted)","Public or Unrestricted","","","","","","","","0.38097892","0.521895504","0.370810995","0.48809391","0.298058852","0.363811414","0.406885133","0.614270952","0.378592411","0.369731549","0.100401856","0.144908043","0.069679582","0.340773642","0.250134717","0.033831432","0.198794641","0.496519649","0.361445542","0.464930032","0.500299469","0.310545957","0.687358353","0.61461227","0.870214183","1.258961487","1.648232056","1.755732875","1.420752355","1.160164752","0.945592734","0.762181369","2.370548314","-0.735177195","1.390113581","1.855280848","1.300517931","2.016471211","1.654224035","1.930488851","1.446054903","1.60558751","1.262109025","1.073236729","0.421077131","-0.069642675","0.749933353","0.842871963","0.52619488","0.765218134","0.760406391","0.689569669","0.615313439","0.811853911"
"IMF.STA:QGDP_WCA(4.0.0)","U002.B1GQ_S1.POP_PCH_PT.Q","OBS_VALUE","Africa","Gross domestic product (GDP), Total economy","Period-over-preceding period percent change, Percent","Quarterly","Units","","Gross domestic product (GDP)","Total economy","GDP by expenditure approach","Price deflator","","Seasonally adjusted (SA)","Period-over-preceding period percent change","Percent","","","","","International Monetary Fund (IMF)","Statistics Department (STA)","datahelp@imf.org","","National accounts; Gross domestic product (GDP); International Financial Statistics (IFS)","","","English","2025-12-17T14:00:00Z","2025-12-17T14:00:00Z","","","Public (Unrestricted)","Public or Unrestricted","","","","","","","","0.81642456","0.174951945","0.053144418","0.846539337","0.155449471","0.128124851","0.474717176","1.091392473","-0.242768124","0.468746556","-0.309128336","0.369598564","0.994060771","-0.42572335","-0.017243252","0.759219094","0.407794031","-0.296148923","-0.48298839","0.920569217","0.431413854","1.162870523","0.620513895","-0.430752869","1.325991773","0.750398379","0.603551043","0.296235983","1.701376698","1.275901258","1.088266133","1.520733618","0.357912385","1.373825555","2.098211959","0.127186907","1.662430071","0.710578634","0.586486217","2.138851408","4.071035832","0.609803321","0.731080975","1.166104175","-0.119257912","0.89098256","0.715184075","0.425756581","0.696840471","0.472579117","0.778833288","-0.406961908","0.539426081","1.815656868"
"IMF.STA:QGDP_WCA(4.0.0)","U150.B1GQ_S1_V.POP_PCH_PT.Q","OBS_VALUE","Europe","Gross domestic product (GDP), Total economy, Current prices","Period-over-preceding period percent change, Percent","Quarterly","Units","","Gross domestic product (GDP)","Total economy","GDP by expenditure approach","","Current prices","Seasonally adjusted (SA)","Period-over-preceding period percent change","Percent","","","","","International Monetary Fund (IMF)","Statistics Department (STA)","datahelp@imf.org","","National accounts; Gross domestic product (GDP); International Financial Statistics (IFS)","","","English","2025-12-17T14:00:00Z","2025-12-17T14:00:00Z","","","Public (Unrestricted)","Public or Unrestricted","","","","","","","","0.115982847","0.577798394","0.067783858","0.450123809","1.020316497","0.860860433","0.721201229","1.003080997","0.752414148","0.839480196","0.341091435","0.691270355","0.423119462","0.684554508","0.687019492","0.499374303","0.562931571","0.993768829","1.015014932","1.311047096","1.194375062","1.01574864","1.589433405","0.985943211","1.518046685","1.546143435","2.109292999","2.481696938","1.88299748","1.611571962","1.312229714","-2.065109025","-8.758296639","9.993576631","1.779878991","2.625470921","4.483973796","3.188439523","2.211305322","2.192201883","1.89693651","1.805588092","1.335636314","1.552560976","0.653454162","0.393145705","1.026871847","1.352788941","1.080708823","1.196514315","1.156359534","1.040713104","0.77254256","1.028166667"
"IMF.STA:QGDP_WCA(4.0.0)","U019.B1GQ_S1_V.POP_PCH_PT.Q","OBS_VALUE","Americas","Gross domestic product (GDP), Total economy, Current prices","Period-over-preceding period percent change, Percent","Quarterly","Units","","Gross domestic product (GDP)","Total economy","GDP by expenditure approach","","Current prices","Seasonally adjusted (SA)","Period-over-preceding period percent change","Percent","","","","","International Monetary Fund (IMF)","Statistics Department (STA)","datahelp@imf.org","","National accounts; Gross domestic product (GDP); International Financial Statistics (IFS)","","","English","2025-12-17T14:00:00Z","2025-12-17T14:00:00Z","","","Public (Unrestricted)","Public or Unrestricted","","","","","","","","0.920983508","1.088220373","0.68958266","1.368635594","0.708043938","1.113365272","1.118283973","0.405816269","1.486478977","1.164572887","0.611736808","0.479665768","0.814523378","0.764209272","-0.178876046","0.152019252","0.680982185","0.893708913","0.985051643","1.053625413","0.693680553","0.957476726","1.773562749","1.560474532","1.004240174","0.948367392","0.529393674","0.765445983","1.088033985","1.296925747","0.828729922","-1.010243446","-9.048243116","8.719390602","2.291817777","3.604901504","3.376615338","2.063594677","2.99473892","2.289560991","3.02492464","2.063308575","1.56000728","1.476204012","0.938204448","1.685948631","1.3811092","1.423651532","1.075359553","1.046787279","0.651750441","1.25282571","1.386297868","1.560522902"
"IMF.STA:QGDP_WCA(4.0.0)","U142.B1GQ_S1.POP_PCH_PT.Q","OBS_VALUE","Asia","Gross domestic product (GDP), Total economy","Period-over-preceding period percent change, Percent","Quarterly","Units","","Gross domestic product (GDP)","Total economy","GDP by expenditure approach","Price deflator","","Seasonally adjusted (SA)","Period-over-preceding period percent change","Percent","","","","","International Monetary Fund (IMF)","Statistics Department (STA)","datahelp@imf.org","","National accounts; Gross domestic product (GDP); International Financial Statistics (IFS)","","","English","2025-12-17T14:00:00Z","2025-12-17T14:00:00Z","","","Public (Unrestricted)","Public or Unrestricted","","","","","","","","0.789807999","0.37608662","0.514332204","0.185817983","0.27115694","0.569778312","0.595561053","0.376806739","0.414810681","0.385122628","-0.1148033","0.26201792","0.435569983","0.102968301","-0.152461378","0.122043074","0.664261992","-0.03520938","0.765361542","0.717107171","-0.244027411","0.704150529","0.416946669","0.879967582","0.547432941","1.015454879","0.410605421","-0.174498099","1.038967062","0.344636534","1.090078495","0.264120288","-1.047251739","1.285707266","1.663784604","1.511084464","0.052118147","1.513416104","3.011654512","1.88557302","2.318210595","0.108246198","0.83913937","1.023298867","0.416696521","1.746174421","0.43995797","0.595509158","0.436995388","0.094400859","0.70881512","0.882206034","1.118291921","0.13780176"
"IMF.STA:QGDP_WCA(4.0.0)","U150.B1GQ_S1_Q.POP_PCH_PT.Q","OBS_VALUE","Europe","Gross domestic product (GDP), Total economy, Constant prices","Period-over-preceding period percent change, Percent","Quarterly","Units","","Gross domestic product (GDP)","Total economy","GDP by expenditure approach","","Constant prices","Seasonally adjusted (SA)","Period-over-preceding period percent change","Percent","","","","","International Monetary Fund (IMF)","Statistics Department (STA)","datahelp@imf.org","","National accounts; Gross domestic product (GDP); International Financial Statistics (IFS)","","","English","2025-12-17T14:00:00Z","2025-12-17T14:00:00Z","","","Public (Unrestricted)","Public or Unrestricted","","","","","","","","-0.263990326","0.05561265","-0.30190763","-0.037785672","0.720111289","0.495247253","0.313042373","0.386436279","0.372411814","0.468018237","0.240448165","0.545571735","0.353193776","0.34261333","0.435794701","0.465385424","0.363414481","0.494792438","0.6512156","0.842201417","0.690620423","0.703019484","0.895916892","0.369062636","0.642243608","0.28361139","0.453584812","0.713437997","0.455769766","0.446230205","0.363202563","-2.805904315","-10.87113934","10.80821335","0.384421514","0.75616116","3.14258597","1.14880303","0.548015876","0.256756378","0.44445455","0.196840141","0.072610861","0.474234587","0.231402648","0.463110903","0.274877099","0.505654955","0.551611392","0.428020887","0.392965013","0.348738639","0.156267586","0.214570755"
"IMF.STA:QGDP_WCA(4.0.0)","U142.B1GQ_S1_V.POP_PCH_PT.Q","OBS_VALUE","Asia","Gross domestic product (GDP), Total economy, Current prices","Period-over-preceding period percent change, Percent","Quarterly","Units","","Gross domestic product (GDP)","Total economy","GDP by expenditure approach","","Current prices","Seasonally adjusted (SA)","Period-over-preceding period percent change","Percent","","","","","International Monetary Fund (IMF)","Statistics Department (STA)","datahelp@imf.org","","National accounts; Gross domestic product (GDP); International Financial Statistics (IFS)","","","English","2025-12-17T14:00:00Z","2025-12-17T14:00:00Z","","","Public (Unrestricted)","Public or Unrestricted","","","","","","","","1.418205629","1.384179211","1.549085467","1.929712435","1.907690659","2.202755049","1.879690277","1.917687593","1.368367433","1.66819371","1.006429835","1.810035296","1.826366892","1.305257256","1.069505053","1.768606493","1.911214867","1.046224015","2.263861219","1.781537539","1.258131538","2.334803982","1.663188312","2.33045507","1.709849109","1.733020108","1.093768203","0.908759379","2.447502798","1.413035197","1.804168165","0.54748642","-12.43450399","13.12832782","4.954609839","2.698516846","-1.553518797","5.121657761","4.743918556","2.231578627","3.363033878","1.15134428","1.791064307","2.402904491","2.145778278","2.724146921","1.510395805","1.70865623","1.366180676","1.211789848","1.854790751","1.986725382","2.31782787","1.261420979"
"IMF.STA:QGDP_WCA(4.0.0)","U009.B1GQ_S1.POP_PCH_PT.Q","OBS_VALUE","Oceania","Gross domestic product (GDP), Total economy","Period-over-preceding period percent change, Percent","Quarterly","Units","","Gross domestic product (GDP)","Total economy","GDP by expenditure approach","Price deflator","","Seasonally adjusted (SA)","Period-over-preceding period percent change","Percent","","","","","International Monetary Fund (IMF)","Statistics Department (STA)","datahelp@imf.org","","National accounts; Gross domestic product (GDP); International Financial Statistics (IFS)","","","English","2025-12-17T14:00:00Z","2025-12-17T14:00:00Z","","","Public (Unrestricted)","Public or Unrestricted","","","","","","","","0.639077778","-0.487184537","-0.177804205","0.588086002","0.867934381","0.615833369","1.24571109","0.252435403","-0.164458064","-0.095667923","0.628864755","0.280728077","0.181078391","0.403680522","-0.425992451","-0.118980482","0.306025984","0.967003549","1.508009533","0.722567662","-1.003038085","0.113380865","0.26886933","0.914850808","0.703966443","1.185837166","0.808305481","1.001481974","1.394848939","1.10016116","-0.138643549","1.267965513","0.348132349","0.706502367","1.054659065","1.980457804","2.767932537","1.424746206","-0.489092135","2.847085518","3.176782782","0.932475865","0.851739905","1.413608555","-0.247830953","0.620119367","1.063826315","1.002502617","0.135214867","0.147577942","0.995081192","0.935421037","0.044932952","1.391178724"
